;group;Nombre images;percent
1;Non_COVID;11263;33.20362017629197
2;COVID;11957;35.2495504259898
3;Normal;10701;31.54682939771823
